city_a,city_b,driving_miles,plane_miles,source
Saint Paul,Chicago,398,346.44,team_google_maps_collection
Saint Paul,Springfield,515,397.21,team_google_maps_collection
Springfield,Chicago,201,179.51,team_google_maps_collection
Springfield,Nashville,374,296.54,team_google_maps_collection
Springfield,Indianapolis,211,186.0,team_google_maps_collection
Chicago,Indianapolis,183,165.34,team_google_maps_collection
Chicago,Columbus,325,291.66,team_google_maps_collection
Indianapolis,Nashville,288,251.5,team_google_maps_collection
Indianapolis,Columbus,174,169.24,team_google_maps_collection
Nashville,Columbia,462,357.54,team_google_maps_collection
Nashville,Atlanta,248,214.81,team_google_maps_collection
Columbus,Philadelphia,469,414.98,team_google_maps_collection
Columbus,Washington,398,326.6,team_google_maps_collection
Atlanta,Columbia,214,193.14,team_google_maps_collection
Columbia,Washington,478,405.32,team_google_maps_collection
Washington,Philadelphia,136,123.41,team_google_maps_collection
Philadelphia,New York,95,80.62,team_google_maps_collection
